{"cameraMode":{"drawMode":0,"name":"Shaded","section":"Shading Mode"},"sceneLighting":true,"audioPlay":false,"sceneViewState":{"m_AlwaysRefresh":false,"showFog":true,"showSkybox":true,"showFlares":true,"showImageEffects":true,"showParticleSystems":true,"showVisualEffectGraphs":true,"m_FxEnabled":true},"in2DMode":false,"pivot":{"x":631.8876953125,"y":103.98894500732422,"z":1215.5643310546875},"rotation":{"x":0.07373689860105515,"y":0.013455672189593315,"z":-0.0009988986421376467,"w":0.9971988201141357},"size":842.4597778320313,"orthographic":false}