{"cameraMode":{"drawMode":0,"name":"Shaded","section":"Shading Mode"},"sceneLighting":true,"audioPlay":false,"sceneViewState":{"m_AlwaysRefresh":false,"showFog":true,"showSkybox":true,"showFlares":true,"showImageEffects":true,"showParticleSystems":true,"showVisualEffectGraphs":true,"m_FxEnabled":true},"in2DMode":false,"pivot":{"x":-1.8441768884658814,"y":8.039510726928711,"z":-4.886913776397705},"rotation":{"x":0.03328594192862511,"y":0.0329689122736454,"z":-0.0010991590097546578,"w":0.9989103078842163},"size":3.663421392440796,"orthographic":false}